world_file,internal_world_name,include_count,inline_model_count,plugin_count,render_engines,remote_uri_count,sha256,parse_error
camera_tutorial.world,camera_world,6,0,26,ogre2,6,98e92e1d90cfa7fa215a27652eb4cdb6c7af4000ad300b039856c196825f19c7,
dave_Santorini.world,dave_santorini,3,0,25,ogre2,3,6f701e6d6c4fbdddb374dfb22b4b5d5f9c0ef1aad1db5a7b9260338145d3aec3,
dave_bimanual_example.world,dave_bimanual_example,5,1,27,ogre2,5,61563c6e0c9be76abd035fa2064b003b66d6fc94c55c8a4e0cc43bad8f3fda9f,
dave_electrical_mating.world,dave_electrical_mating,5,1,25,ogre2,5,467c029969b26470bfc15ba5da562e75e2cb173a47666e2e1e202918ebc70579,
dave_graded_seabed.world,dave_graded_seabed,2,0,6,ogre2,2,493926fa34ad9dc6710448d75629b54a6c59a49e21341a65e0f36366255089b0,
dave_integrated.world,dave_integrated,31,1,25,ogre2,31,ac6261a97b02d59c2039dd9407a6afe16808d8d83e55239d30ed0468923543ae,
dave_multibeam_sonar.world,default,5,0,17,ogre,5,e54444209def2e6a3fb1b0012a7d16d70b5d9efddc1430a76d4cff770433d661,
dave_ocean_models.world,dave_ocean_model,25,0,25,ogre2,25,110941e28df8d47cbd6ee4b40cb4c26b21520480ea43810eba52a48a02f2597b,
dave_ocean_waves.world,oceans_waves,3,0,6,ogre2,3,63a8e4fc334e39ed9af370c077e212cbf9b5275acbdb919a02398c6887ae0d80,
dave_ocean_waves_mossy_ground.world,oceans_waves,4,0,6,ogre2,4,3e65e71dcd1f12421d76210ba5b47d1772a593e1880d63e95da122c9e1585468,
dave_ocean_waves_sonar.world,oceans_waves,4,0,7,ogre2,4,f0dd52b07ca7de916a4fcf0a8df258f3da7aaea8cc84eb41c289a753d1ab4d76,
dave_ocean_waves_sonar_integrated.world,oceans_waves_sonar_integrated,14,0,7,ogre2,14,c13df2a9ea6954938a76b4106b9f4706b28df5cb939029778ca162b9e8196428,
dave_ocean_waves_transient_current.world,oceans_waves_transient_current,3,0,6,ogre2,3,5ed85e741a0fdac9fbb0cbb44d19c78524420d9d1093e496aa3c388b0a18789f,
dave_plug_and_socket.world,dave_plug_and_socket,5,1,25,ogre2,5,5e2ccb6bc871bf8dc05db8bcf3891556bb8c39b913be8f5aecbd910967d17e35,
dvl_world.world,dvl_world,3,0,26,ogre2,3,dc8033f032b001cb1aafcfaf231b975755746f40c7328263b3be6013f41c650f,
new_dvl.world,dvl_world,5,1,26,,5,acd32d3c22f051cc6e811901e548ea6738be2c54ae49785acfb9764b9891be5d,
ocean_current_plugin.world,ocp,3,0,6,,3,5760ec4277c2448a78b9cfda571a61ce069dc4b7ff9c0987496991be5f11e174,
usbl_tutorial.world,default,2,3,3,,2,dc9cb11a45340fe62f97c658af2993cd1d1b177b14288898d3447526ed47cfb0,"not well-formed (invalid token): line 94, column 41"
